id;url;description;title;video_size
1;http://luella.biz;e-business Plastic;SMS emulation;22484
2;https://leta.name;Tools Supervisor Estate;Chicken Money;83867
3;https://eric.name;bluetooth quantifying;Re-engineered;3680
4;https://rahsaan.org;Officer Equatorial model;Granite calculating;31440
5;https://brook.name;Licensed Corporate;plug-and-play Solutions;84141
6;https://brooke.biz;Table sky empowering;auxiliary generating;23099
7;http://herminio.net;Bacon Tasty;Paraguay;83566
8;http://brooke.org;Maine Pound Yemen;synthesizing payment;38478
9;https://delphia.org;best-of-breed deposit 5th;Markets Cloned;59143
10;https://billy.org;bypassing salmon;National;12932
